Frequenza_Hz,Damping_xi,omega0,A,Rh,Rl
4.5004500450045,0.0133333333333333,28.277161598468,0.239487523873343,0,0
28.2228222822282,0.0102763997165131,177.329222290837,-1.00017702559566,0,0
79.027902790279,0.0101240192356366,496.546957669098,2.29053900093704,0,0
154.835483548355,0.0100762175429531,972.86003526107,-3.38578771054283,0,0
