Frequenza_Hz,Damping_xi,omega0,A,Rh,Rl
4.50053014976672,0.0103907202953674,28.277664911533,0.186557186683562,-5.48445412035116e-10,-9.95418405695002e-17
28.2228222827258,0.0102761361515153,177.329222293963,-1.00017674515038,-2.22263821561002e-09,4.45520771952785e-15
79.0279027903022,0.0101236859024235,496.546957669244,2.29053898668926,-6.77659653783988e-09,3.97971372220586e-15
154.835483549024,0.010075911665294,972.860035265273,-3.38578770802599,2.08282606518738e-09,4.32704905094024e-15
